{
  "TITAN": {
    "conf_min": 0.6000000238418579,
    "pvt_r_min": 0.550000011920929,
    "midline_buffer": 0.05000000074505806,
    "stddev_mult": 0.5,
    "trail_activation": 0.004999999888241291,
    "hard_sl": 0.004000000189989805,
    "cv_mean_score": -52320.4765625
  },
  "NAVIGATOR": {
    "conf_min": 0.550000011920929,
    "pvt_r_min": 0.5,
    "midline_buffer": 0.10000000149011612,
    "stddev_mult": 1.0,
    "trail_activation": 0.004999999888241291,
    "hard_sl": 0.00800000037997961,
    "cv_mean_score": -1010.5363159179688
  },
  "VOLT": {
    "conf_min": 0.5,
    "pvt_r_min": 0.44999998807907104,
    "midline_buffer": 0.20000000298023224,
    "stddev_mult": 2.0,
    "trail_activation": 0.004999999888241291,
    "hard_sl": 0.014999999664723873,
    "cv_mean_score": -46.32232666015625
  }
}