{
  "TITAN": {
    "score": 5323.03369140625,
    "net_pnl": 370668.90625,
    "win_rate": 0.9807692170143127,
    "n_trades": 52,
    "avg_pnl_pct": 517.5918579101562,
    "conf_min": 0.8499999642372131,
    "pvt_r_min": 0.800000011920929,
    "midline_buffer": 0.05000000074505806,
    "stddev_mult": 0.5,
    "trail_activation": 0.004000000189989805,
    "hard_sl": 0.003000000026077032
  },
  "NAVIGATOR": {
    "score": 7434.517578125,
    "net_pnl": 498380.65625,
    "win_rate": 0.9622641801834106,
    "n_trades": 53,
    "avg_pnl_pct": 729.0177612304688,
    "conf_min": 0.75,
    "pvt_r_min": 0.8500000238418579,
    "midline_buffer": 0.10000000149011612,
    "stddev_mult": 0.800000011920929,
    "trail_activation": 0.005000000353902578,
    "hard_sl": 0.006000000052154064
  },
  "VOLT": {
    "score": 5549.23828125,
    "net_pnl": 810943.8125,
    "win_rate": 0.9357798099517822,
    "n_trades": 109,
    "avg_pnl_pct": 540.8870849609375,
    "conf_min": 0.8500000238418579,
    "pvt_r_min": 0.800000011920929,
    "midline_buffer": 0.20000000298023224,
    "stddev_mult": 1.5,
    "trail_activation": 0.005000000353902578,
    "hard_sl": 0.009999999776482582
  }
}